{
  "zcr_mean": 0.0814004856137575,
  "zcr_std": 0.06777067558167128,
  "rmse_mean": 0.21540415287017822,
  "rmse_std": 0.14403600990772247,
  "spectral_centroid_mean": 2237.5284717245777,
  "spectral_centroid_std": 1292.388708746705,
  "spectral_bandwidth_mean": 2373.209061192854,
  "spectral_bandwidth_std": 1004.6125144199398,
  "spectral_rolloff_mean": 4828.081269388116,
  "spectral_rolloff_std": 2797.3220974389274,
  "mfcc1_mean": -126.7675552368164,
  "mfcc1_std": 150.41644287109375,
  "mfcc2_mean": 76.2598876953125,
  "mfcc2_std": 47.14656066894531,
  "mfcc3_mean": 19.951499938964844,
  "mfcc3_std": 21.528669357299805,
  "mfcc4_mean": 24.526195526123047,
  "mfcc4_std": 20.36825942993164,
  "mfcc5_mean": 4.657717704772949,
  "mfcc5_std": 12.597455024719238,
  "mfcc6_mean": -1.2783492803573608,
  "mfcc6_std": 15.040400505065918,
  "mfcc7_mean": -1.0582189559936523,
  "mfcc7_std": 13.56142520904541,
  "mfcc8_mean": -3.266788959503174,
  "mfcc8_std": 15.467384338378906,
  "mfcc9_mean": -7.469686985015869,
  "mfcc9_std": 10.81439208984375,
  "mfcc10_mean": -0.1864081472158432,
  "mfcc10_std": 13.580124855041504,
  "mfcc11_mean": -4.920986652374268,
  "mfcc11_std": 13.013969421386719,
  "mfcc12_mean": 0.47367992997169495,
  "mfcc12_std": 12.12887954711914,
  "mfcc13_mean": -6.08521032333374,
  "mfcc13_std": 11.436095237731934,
  "chroma1_mean": 0.3072148561477661,
  "chroma1_std": 0.30130869150161743,
  "chroma2_mean": 0.3600444793701172,
  "chroma2_std": 0.33402886986732483,
  "chroma3_mean": 0.25324997305870056,
  "chroma3_std": 0.2440868765115738,
  "chroma4_mean": 0.339695543050766,
  "chroma4_std": 0.3630011975765228,
  "chroma5_mean": 0.2596476972103119,
  "chroma5_std": 0.22782109677791595,
  "chroma6_mean": 0.36677977442741394,
  "chroma6_std": 0.35512253642082214,
  "chroma7_mean": 0.253018856048584,
  "chroma7_std": 0.23653644323349,
  "chroma8_mean": 0.26590481400489807,
  "chroma8_std": 0.23141969740390778,
  "chroma9_mean": 0.442245215177536,
  "chroma9_std": 0.37056964635849,
  "chroma10_mean": 0.32735684514045715,
  "chroma10_std": 0.27119874954223633,
  "chroma11_mean": 0.3569341003894806,
  "chroma11_std": 0.34634527564048767,
  "chroma12_mean": 0.2440240979194641,
  "chroma12_std": 0.2480124682188034
}